DROP TABLE IF EXISTS "user";
CREATE TABLE "user" ("uid" INTEGER NOT NULL PRIMARY KEY AUTOINCREMENT, "name" VARCHAR(50) NOT NULL DEFAULT "Noname", "realname" VARCHAR(100) NOT NULL, "password" VARCHAR(255) NOT NULL, "email" VARCHAR(255) NOT NULL, "currentbalance" DECIMAL(10, 5) NOT NULL DEFAULT 0, "created" DATE NOT NULL DEFAULT CURRENT_DATE, "lastactive" DATETIME NOT NULL DEFAULT CURRENT_TIMESTAMP);
INSERT INTO user(name,realname,password,email) VALUES('paijo','Paijo Ganteng','bda7908083a105d79858f581fd449d1969a6c12e0a0f04ba0af075d49ba040b4edbb0ff42c786b278c2854fcd8ff7cd2c84b3a33500fc6c1f7730b2654c92b4a','paijo@none');
INSERT INTO user(name,realname,password,email) VALUES('black','Blackshirt Ganteng','14029a1ddb21b1385070500f8cdacb19656ee80e3579dd8b4b1284cee5980955f0b49b0b96eaed94cedf7fa3ca7968384214e8af3bdf7694d11fecf9464aef48','black@none');
INSERT INTO user(name,realname,password,email) VALUES('xbunox','Xbunox','4c49a63c34a2300a7f37726b8df35f6096cd4edd410805d81b92045a75a3b730db62dbeb26d06918fc29859c7e403c4e620ca74206b6df431710af15866a62bf','xbunox@none');

DROP TABLE IF EXISTS "category";
CREATE TABLE "category" ("cid" INTEGER NOT NULL PRIMARY KEY, "category" VARCHAR(255) NOT NULL, "desc" VARCHAR(255) NOT NULL);
INSERT INTO "category" VALUES(1,'sandang','kebutuhan sandang');
INSERT INTO "category" VALUES(2,'pangan','kebutuhan pangan');
INSERT INTO "category" VALUES(3,'papan','kebutuhan papan');
INSERT INTO "category" VALUES(4,'rumahtangga','kebutuhan rumah tangga');
INSERT INTO "category" VALUES(5,'transport','kebutuhan transportasi');
INSERT INTO "category" VALUES(6,'jasa','kebutuhan jasa');
INSERT INTO "category" VALUES(7,'kerja','kebutuhan kerja');
INSERT INTO "category" VALUES(8,'masyarakat','kebutuhan masyarakat');
INSERT INTO "category" VALUES(9,'umum','kebutuhan umum');
INSERT INTO "category" VALUES(10,'lain','kebutuhan lain');
DROP TABLE IF EXISTS "message";
CREATE TABLE "message" ("mid" INTEGER NOT NULL PRIMARY KEY, "title" VARCHAR(255) NOT NULL, "body" TEXT NOT NULL, "author" INTEGER NOT NULL, "created" DATETIME NOT NULL, FOREIGN KEY ("author") REFERENCES "user" ("uid"));
INSERT INTO "message" VALUES(2,'wtf-peewee','WTForms integration for peewee, provides a bridge between peewee models and wtforms, mapping model fields to form fields',2,'2014-10-08 08:11:49.152090');
INSERT INTO "message" VALUES(5,'Bring me to the world handler','Some input from bootstrap modal',1,'2015-02-25 11:02:59');
INSERT INTO "message" VALUES(6,'Humble bring test','Test from normal form',1,'2015-02-25 11:02:59');
INSERT INTO "message" VALUES(7,'Mbuh mbuh mbuh','mbuh mbuh',1,'2014-11-08 23:11:49');
INSERT INTO "message" VALUES(8,'Singing the singop','LLodafadsflkdsajkflaskfjklsa',1,'2014-11-06 10:11:15');
INSERT INTO "message" VALUES(9,'Something happen','Dontkkkkkkkkkkcdd',1,'2014-12-11 10:12:28');
INSERT INTO "message" VALUES(10,'second opinion','Blur the hang',1,'2015-02-05 09:02:13');
INSERT INTO "message" VALUES(11,'Something happen','ddddddddddddddddddddddddddddddddddddddddddddd',1,'2015-04-02 10:04:06');
DROP TABLE IF EXISTS "tipetransaksi";
CREATE TABLE "tipetransaksi" ("ttid" INTEGER NOT NULL PRIMARY KEY, "type" VARCHAR(255) NOT NULL, "desc" VARCHAR(255) NOT NULL);
INSERT INTO "tipetransaksi" VALUES(1,'MSK','Transaksi Masuk');
INSERT INTO "tipetransaksi" VALUES(2,'OUT','Transaksi Keluar ');
INSERT INTO "tipetransaksi" VALUES(3,'TRN','Transaksi Transfer');
INSERT INTO "tipetransaksi" VALUES(4,'BLN','Transaksi Balance');
INSERT INTO "tipetransaksi" VALUES(5,'OTH','Transaksi Lain');
DROP TABLE IF EXISTS "transaksi";
CREATE TABLE "transaksi" ("tid" INTEGER NOT NULL PRIMARY KEY, "user_id" INTEGER NOT NULL, "type_id" INTEGER NOT NULL, "info" VARCHAR(255) NOT NULL, "amount" DECIMAL(10, 5) NOT NULL, "transdate" DATETIME NOT NULL, "memo" VARCHAR(255) NOT NULL, FOREIGN KEY ("user_id") REFERENCES "user" ("uid"), FOREIGN KEY ("type_id") REFERENCES "tipetransaksi" ("ttid"));
INSERT INTO "transaksi" VALUES(1,1,1,'Pembelian kapal selam',50000,'2014-10-08 08:30:07.575917','Kapal selam nuklir bekas');
INSERT INTO "transaksi" VALUES(2,2,2,'Pembelian kapal barang',54500,'2014-10-08 08:30:07.575917','Kapal selam barang bekas');
INSERT INTO "transaksi" VALUES(3,1,3,'Pembelian pesawat tempur',42000,'2014-10-08 08:30:07.575917','pesawat tempur bekas');
INSERT INTO "transaksi" VALUES(4,1,2,'Pembelian roti bakar',1000,'2014-10-08 08:39:51.033288','Roti bakar selatan pasar');
INSERT INTO "transaksi" VALUES(5,1,2,'Tukar tambah motor',552122,'2014-10-08 09:56:53.648687','angel men');
INSERT INTO "transaksi" VALUES(6,1,2,'gdsgffsd',56632,'2014-10-08 10:07:27.751956','fdsgsdf');
INSERT INTO "transaksi" VALUES(7,1,2,'Beli sandal',25000,'2014-10-08 14:35:56.831800','Sandal kesehatan maotzetung');
INSERT INTO "transaksi" VALUES(8,1,2,'Penarikan tunai ATM',250000,'2014-10-08 10:59:44.789841','ATM mandiri');
INSERT INTO "transaksi" VALUES(9,1,2,'Tansfer biaya pendidikan pesantren',300000,'2014-10-08 11:01:34.948367','Bank BNI ');
INSERT INTO "transaksi" VALUES(10,1,2,'Hutang ke temen :)',300000,'2014-10-08 11:15:02.975267','Kepepet');
INSERT INTO "transaksi" VALUES(11,1,2,'Beli beras 5 kg',300000,'2014-10-08 11:16:01.406871','Kepepet');
INSERT INTO "transaksi" VALUES(12,1,2,'Beli popok anak',18000,'2014-10-08 12:17:26.628016','Popok ABC');
INSERT INTO "transaksi" VALUES(13,1,2,'Beli handuk merah jambu',50000,'2014-10-13 12:16:33.680968','Some');
INSERT INTO "transaksi" VALUES(14,1,2,'Beli handuk merah jambu',50000,'2014-10-13 12:20:43.426253','Some');
INSERT INTO "transaksi" VALUES(15,1,2,'Beli handuk merah jambu',56600000,'2014-10-13 12:31:21.021721','dfsdf');
INSERT INTO "transaksi" VALUES(16,1,2,'Beli handuk merah jambu 2',620000,'2014-10-13 15:11:18.368658','ss');
INSERT INTO "transaksi" VALUES(17,1,2,'Penarikan tunai',5000000,'2014-10-13 15:17:52.653210','Kebutuhan salon');
INSERT INTO "transaksi" VALUES(18,1,2,'Tabungan berjangka',50000000,'2014-10-14 08:22:03.176598','Rejeki nomplok');
INSERT INTO "transaksi" VALUES(19,1,2,'Pembelian tissue basah',4500,'2014-10-14 08:41:23.540968','Tissue basah mandarin style');
INSERT INTO "transaksi" VALUES(20,1,2,'Pembelian satu set dvd blue-ray',20000,'2014-10-14 09:02:35.838739','Blueray disc');
INSERT INTO "transaksi" VALUES(21,1,2,'Beli pesawat tempur F-16 Fighting Falcon',765000000,'2014-10-14 10:56:03.614457','Kemiliteran rumah tangga');
INSERT INTO "transaksi" VALUES(22,1,2,'Jual tanah lokal',50000000,'2014-10-16 02:28:22.447722','Kelebihan tanah');
INSERT INTO "transaksi" VALUES(23,1,2,'Dengan',555555,'2014-10-21 13:31:33.166358','ddddd');
INSERT INTO "transaksi" VALUES(24,1,2,'Dengan',555555,'2014-10-22 12:08:12.126971','ss');
INSERT INTO "transaksi" VALUES(25,1,2,'Dengan',555555,'2014-10-22 12:08:17.191260','ss');
INSERT INTO "transaksi" VALUES(26,1,2,'Dengan',55555555555555,'2014-10-22 12:08:35.625315','ss');
INSERT INTO "transaksi" VALUES(27,1,2,'Beli bengbengbeng',250000,'2014-11-05 08:55:52.674878','Bengbengbeng');
INSERT INTO "transaksi" VALUES(28,1,2,'Beli bengbengbeng',450000,'2014-11-05 08:56:11.414950','Bengbengbeng');
DROP TABLE IF EXISTS "transaksidetail";
CREATE TABLE "transaksidetail" ("tdid" INTEGER NOT NULL PRIMARY KEY, "transid_id" INTEGER NOT NULL, "item" VARCHAR(255) NOT NULL, "category_id" INTEGER NOT NULL, "prices" DECIMAL(10, 5) NOT NULL, "times" DATETIME NOT NULL, "notes" VARCHAR(255) NOT NULL, FOREIGN KEY ("transid_id") REFERENCES "transaksi" ("tid"), FOREIGN KEY ("category_id") REFERENCES "category" ("cid"));

